abled,
accessibility,
accessible,
advocate,
african,
african-american,
afro,
agender,
air force,
androgynous,
apache,
army,
asexual,
asian,
asian-american,
asl,
assistive,
awareness,
bi,
bi-gender,
bi-lingual,
bi-sexual,
bigender,
bilingual,
bisexual,
black,
blacks,
cherokee,
cheyenne,
chinese,
chippewa,
choctaw,
coast guard,
color,
colour,
deaf,
disabilities,
disability,
disabled,
diverse,
diverse.it,
diverseit,
diversity,
english as a second language,
ESL,
F2M,
female,
FTM,
gay,
gender,
gender-fluid,
gender-inclusive,
gender-neutral,
gender-queer,
genderfluid,
genderinclusive,
genderneutral,
genderqueer,
girl,
girls,
hard of hearing,
hard-of-hearing,
he / him,
he/him,
hispanic,
inclusion,
inclusive,
inclusivity,
indian,
inter-gender,
inter-sectional,
inter-sex,
intergender,
intersectional,
intersex,
iroquois,
japanese,
jewish,
ladies,
lakota,
latina,
latino,
latinx,
latinxintech,
lesbian,
LGBT,
LGBTQ,
LGBTQA,
LGBTQAAI,
LGBTQAI,
M2F,
mandarin,
marine,
marines,
mexican,
MSM,
MTF,
multi-lingual,
multilingual,
native american,
native-american,
nativeamerican,
nativeamericansintech,
navajo,
naval,
navy,
non-binary,
non-conforming,
nonbinary,
nonconforming,
pan-gender,
pan-sexual,
pangender,
pansexual,
people of color,
poc,
queer,
reserves,
sensitivity,
she/her,
sioux,
spanish,
TBLG,
techincolor,
them / they,
them/they,
they / them,
they/them,
trans,
transcode,
transexual,
transgender,
transguy,
transman,
transsexual,
underrepresented,
unisex,
usaf,
uscg,
usmc,
usn,
vet,
veteran,
visually impaired,
woman,
women,
women's,
womens,
